,1,2,3,4,5,6,7,8,9,10,11,12,13,14,15,16,17,18,19,20,21,22,23,24,25,26,27,28,29,30,31,32,33,34,35,36,37,38,39,40,41,42,43,44,45,46,47,48,49,50,51,52,53,54,55,56,57,58,59,60,61,62,63,64,65,66,67,68,69,70,71,72,73,74,75,76,77,78,79,80
0,"{134, 198}","{133, 198}","{197, 133}","{195, 132}","{194, 131}","{192, 131}","{130, 190}","{129, 188}","{129, 187}","{128, 185}","{127, 183}","{182, 127}","{127, 183}","{181, 126}","{179, 125}","{176, 124}","{124, 175}","{123, 173}","{123, 171}","{169, 122}","{168, 122}","{122, 167}","{122, 165}","{122, 163}","{162, 122}","{160, 122}","{123, 157}","{122, 158}","{122, 158}","{160, 122}","{160, 122}","{160, 122}","{160, 122}","{160, 122}","{160, 122}","{160, 122}","{123, 159}","{122, 158}","{123, 157}","{122, 156}","{123, 157}","{122, 156}","{122, 156}","{122, 157}","{122, 156}","{122, 156}","{122, 156}","{122, 156}","{122, 156}","{122, 156}","{122, 156}","{122, 158}","{122, 158}","{123, 158}","{161, 124}","{162, 124}","{164, 126}","{127, 167}","{168, 129}","{129, 170}","{129, 172}","{129, 174}","{177, 131}","{178, 131}","{179, 131}","{131, 180}","{185, 130}","{130, 187}","{130, 188}","{130, 190}","{192, 131}","{193, 131}","{194, 132}","{195, 132}","{132, 196}","{132, 197}","{132, 196}","{132, 196}","{132, 197}","{132, 196}"
1,"{42, 189}","{42, 191}","{193, 42}","{41, 194}","{41, 197}","{200, 41}","{40, 201}","{40, 204}","{40, 205}","{210, 39}","{211, 39}","{214, 39}","{216, 39}","{217, 39}","{219, 39}","{221, 39}","{221, 39}","{220, 38}","{219, 38}","{219, 38}","{219, 38}","{219, 38}","{219, 37}","{218, 37}","{218, 37}","{217, 36}","{217, 35}","{217, 35}","{217, 35}","{218, 35}","{218, 36}","{218, 36}","{218, 35}","{218, 35}","{218, 35}","{217, 35}","{216, 35}","{216, 35}","{216, 35}","{216, 34}","{34, 214}","{34, 214}","{35, 214}","{35, 214}","{35, 214}","{35, 214}","{35, 214}","{35, 214}","{35, 214}","{34, 215}","{35, 215}","{35, 215}","{216, 35}","{35, 214}","{212, 36}","{211, 37}","{209, 37}","{203, 38}","{201, 39}","{201, 39}","{200, 39}","{40, 201}","{200, 40}","{40, 202}","{200, 40}","{201, 41}","{200, 41}","{201, 41}","{201, 41}","{200, 42}","{42, 199}","{41, 198}","{42, 197}","{41, 198}","{42, 196}","{42, 196}","{194, 42}","{194, 42}","{193, 42}","{193, 41}"
2,"{118, 407}","{117, 407}","{404, 117}","{400, 118}","{118, 399}","{394, 118}","{385, 119}","{120, 382}","{121, 378}","{121, 375}","{376, 121}","{120, 377}","{120, 381}","{386, 119}","{387, 118}","{389, 118}","{389, 118}","{385, 118}","{381, 119}","{376, 119}","{372, 119}","{120, 366}","{364, 119}","{360, 120}","{356, 119}","{119, 351}","{350, 119}","{349, 119}","{349, 119}","{119, 351}","{119, 351}","{350, 119}","{350, 119}","{118, 350}","{118, 351}","{118, 351}","{118, 350}","{349, 118}","{348, 118}","{347, 118}","{347, 118}","{347, 118}","{347, 118}","{348, 118}","{348, 118}","{347, 118}","{347, 118}","{347, 118}","{347, 118}","{347, 118}","{348, 118}","{349, 119}","{349, 119}","{350, 119}","{120, 354}","{120, 358}","{121, 363}","{123, 367}","{124, 372}","{378, 125}","{386, 126}","{126, 390}","{127, 391}","{390, 127}","{128, 391}","{128, 390}","{128, 390}","{127, 391}","{394, 127}","{396, 126}","{124, 399}","{121, 406}","{408, 119}","{405, 118}","{408, 116}","{409, 115}","{116, 407}","{116, 406}","{116, 406}","{116, 404}"
3,"{58, 387}","{58, 389}","{58, 391}","{392, 58}","{58, 395}","{57, 396}","{57, 397}","{400, 57}","{57, 402}","{56, 405}","{56, 407}","{56, 409}","{57, 413}","{56, 415}","{56, 417}","{56, 418}","{56, 418}","{56, 417}","{56, 418}","{417, 55}","{418, 55}","{417, 55}","{416, 55}","{414, 55}","{412, 55}","{412, 54}","{409, 54}","{409, 54}","{410, 54}","{410, 54}","{411, 54}","{409, 54}","{409, 54}","{408, 54}","{54, 407}","{54, 407}","{405, 54}","{53, 406}","{53, 406}","{53, 405}","{53, 406}","{53, 406}","{53, 406}","{53, 406}","{53, 406}","{53, 407}","{53, 407}","{408, 53}","{408, 53}","{408, 53}","{409, 54}","{409, 54}","{410, 54}","{409, 54}","{54, 407}","{55, 407}","{405, 55}","{400, 56}","{56, 398}","{56, 399}","{56, 398}","{57, 398}","{57, 397}","{57, 397}","{58, 396}","{58, 397}","{58, 396}","{58, 398}","{58, 399}","{58, 397}","{58, 391}","{386, 58}","{385, 58}","{385, 58}","{384, 58}","{384, 58}","{384, 58}","{58, 383}","{58, 381}","{57, 380}"
4,"{106, 572}","{106, 572}","{568, 106}","{106, 564}","{105, 562}","{106, 550}","{521, 106}","{106, 502}","{466, 107}","{426, 108}","{393, 109}","{361, 110}","{112, 327}","{112, 303}","{114, 268}","{114, 230}","{117, 207}","{120, 190}","{185, 121}","{121, 174}","{169, 121}","{123, 159}","{124, 151}","{123, 151}","{146, 123}","{123, 143}","{122, 143}","{122, 141}","{122, 139}","{137, 123}","{136, 123}","{138, 123}","{138, 123}","{137, 123}","{138, 122}","{138, 123}","{138, 123}","{136, 123}","{136, 123}","{136, 123}","{137, 124}","{137, 124}","{137, 123}","{139, 124}","{123, 140}","{123, 139}","{123, 140}","{123, 140}","{123, 140}","{123, 140}","{123, 141}","{138, 124}","{125, 133}","{138, 126}","{145, 127}","{153, 126}","{160, 126}","{170, 127}","{180, 126}","{201, 122}","{119, 239}","{117, 269}","{312, 116}","{115, 342}","{112, 385}","{409, 113}","{112, 446}","{112, 471}","{506, 110}","{521, 110}","{109, 542}","{108, 567}","{585, 107}","{107, 590}","{600, 107}","{107, 597}","{594, 106}","{107, 582}","{106, 580}","{105, 580}"
5,"{554, 68}","{67, 555}","{67, 557}","{67, 558}","{561, 67}","{66, 563}","{66, 564}","{66, 566}","{568, 66}","{65, 571}","{65, 572}","{65, 574}","{65, 578}","{65, 578}","{65, 579}","{65, 579}","{65, 579}","{65, 578}","{65, 578}","{65, 577}","{65, 578}","{65, 578}","{65, 577}","{65, 574}","{64, 572}","{64, 570}","{64, 570}","{64, 570}","{64, 570}","{64, 571}","{64, 572}","{64, 572}","{64, 572}","{64, 572}","{64, 572}","{64, 572}","{64, 572}","{64, 573}","{64, 572}","{64, 573}","{64, 575}","{576, 64}","{576, 64}","{64, 575}","{64, 575}","{576, 64}","{576, 64}","{576, 64}","{64, 575}","{64, 575}","{64, 575}","{65, 575}","{65, 577}","{576, 65}","{65, 574}","{65, 573}","{66, 571}","{66, 564}","{562, 66}","{562, 66}","{562, 66}","{66, 563}","{562, 66}","{562, 66}","{560, 66}","{561, 66}","{66, 559}","{67, 563}","{67, 564}","{67, 564}","{67, 563}","{561, 67}","{561, 67}","{67, 563}","{562, 67}","{562, 67}","{67, 563}","{562, 67}","{560, 67}","{560, 67}"
6,"{103, 591}","{592, 103}","{590, 103}","{586, 103}","{584, 103}","{572, 102}","{541, 102}","{102, 511}","{103, 463}","{414, 103}","{105, 359}","{106, 316}","{107, 284}","{251, 108}","{213, 110}","{112, 173}","{145, 117}","{120, 132}","{121, 127}",{121},{121},"{123, 109}","{126, 103}","{100, 125}","{96, 125}","{92, 127}","{125, 94}","{91, 125}","{88, 126}","{127, 87}","{127, 87}","{88, 126}","{89, 125}","{88, 125}","{88, 125}","{88, 126}","{127, 87}","{85, 126}","{85, 126}","{85, 127}","{85, 127}","{127, 87}","{126, 86}","{89, 125}","{91, 125}","{124, 92}","{124, 92}","{124, 92}","{124, 92}","{123, 91}","{124, 92}","{88, 126}","{85, 127}","{88, 129}","{96, 131}","{128, 106}","{128, 113}","{128, 122}","{130, 125}","{120, 150}","{193, 115}","{112, 223}","{273, 110}","{109, 302}","{107, 350}","{392, 108}","{107, 431}","{464, 106}","{105, 509}","{105, 525}","{105, 556}","{588, 103}","{104, 610}","{616, 104}","{104, 625}","{104, 620}","{104, 619}","{104, 609}","{603, 103}","{601, 102}"
7,"{581, 71}","{582, 71}","{584, 71}","{585, 70}","{588, 70}","{70, 591}","{70, 591}","{594, 69}","{594, 69}","{595, 69}","{594, 69}","{596, 68}","{69, 599}","{600, 68}","{600, 68}","{601, 68}","{601, 68}","{600, 68}","{601, 68}","{600, 68}","{600, 68}","{601, 68}","{601, 68}","{68, 599}","{68, 597}","{596, 68}","{595, 68}","{594, 68}","{594, 68}","{595, 68}","{595, 68}","{595, 68}","{68, 597}","{68, 597}","{68, 598}","{68, 598}","{68, 597}","{68, 598}","{68, 599}","{600, 67}","{602, 68}","{603, 68}","{603, 68}","{602, 68}","{603, 68}","{68, 605}","{68, 605}","{604, 68}","{604, 68}","{603, 68}","{602, 68}","{602, 68}","{603, 68}","{601, 68}","{600, 68}","{69, 598}","{596, 69}","{69, 590}","{589, 70}","{587, 70}","{586, 70}","{587, 70}","{588, 70}","{587, 70}","{586, 70}","{585, 70}","{70, 583}","{587, 70}","{588, 70}","{588, 70}","{589, 70}","{588, 70}","{588, 70}","{70, 590}","{70, 590}","{70, 591}","{592, 70}","{70, 591}","{70, 591}","{70, 590}"
8,"{613, 103}","{614, 103}","{611, 103}","{608, 103}","{609, 102}","{593, 102}","{560, 102}","{528, 102}","{103, 479}","{428, 103}","{368, 104}","{320, 105}","{106, 283}","{241, 108}","{205, 111}","{160, 114}","{132, 119}","{120, 123}","{115, 125}","{106, 127}","{105, 127}","{129, 95}","{88, 133}","{131, 87}","{80, 133}","{136, 77}","{80, 132}","{75, 133}","{72, 135}","{72, 136}","{137, 71}","{73, 135}","{74, 134}","{72, 134}","{73, 134}","{72, 136}","{72, 136}","{70, 135}","{136, 70}","{136, 69}","{136, 70}","{72, 134}","{72, 134}","{74, 134}","{132, 76}","{132, 76}","{131, 77}","{130, 77}","{130, 77}","{130, 77}","{131, 77}","{73, 134}","{136, 70}","{138, 75}","{139, 84}","{137, 93}","{101, 135}","{134, 111}","{130, 119}","{139, 124}","{184, 117}","{113, 218}","{272, 110}","{306, 108}","{107, 357}","{107, 403}","{106, 445}","{480, 106}","{105, 522}","{105, 541}","{576, 104}","{103, 607}","{103, 631}","{104, 638}","{105, 647}","{104, 642}","{104, 641}","{104, 629}","{622, 103}","{621, 102}"
9,"{601, 71}","{602, 71}","{604, 71}","{70, 606}","{609, 70}","{611, 70}","{612, 70}","{69, 614}","{69, 614}","{69, 615}","{69, 614}","{616, 69}","{620, 69}","{620, 69}","{68, 621}","{68, 621}","{68, 621}","{620, 68}","{68, 622}","{68, 622}","{68, 622}","{68, 623}","{68, 622}","{620, 68}","{620, 68}","{618, 68}","{616, 68}","{68, 614}","{68, 615}","{68, 615}","{616, 68}","{617, 68}","{618, 68}","{618, 68}","{618, 68}","{618, 68}","{618, 68}","{619, 68}","{620, 68}","{68, 621}","{68, 623}","{625, 68}","{625, 68}","{624, 68}","{624, 68}","{626, 68}","{626, 68}","{625, 68}","{624, 68}","{68, 623}","{68, 623}","{624, 68}","{624, 68}","{68, 622}","{620, 69}","{619, 69}","{616, 69}","{612, 69}","{610, 70}","{608, 70}","{70, 606}","{70, 607}","{70, 607}","{70, 606}","{605, 70}","{604, 70}","{603, 70}","{70, 606}","{70, 607}","{70, 607}","{70, 607}","{70, 607}","{70, 607}","{610, 70}","{610, 70}","{610, 70}","{613, 70}","{610, 70}","{610, 70}","{609, 70}"
10,"{105, 623}","{105, 623}","{105, 620}","{617, 105}","{616, 105}","{105, 605}","{105, 573}","{545, 105}","{504, 106}","{105, 459}","{105, 406}","{360, 106}","{315, 108}","{274, 110}","{240, 111}","{113, 189}","{163, 118}","{121, 150}","{145, 123}","{129, 127}","{126, 127}","{129, 114}","{104, 131}","{130, 102}","{97, 132}","{133, 94}","{97, 130}","{131, 92}","{89, 132}","{134, 87}","{134, 87}","{89, 133}","{91, 132}","{89, 133}","{90, 132}","{89, 133}","{88, 133}","{132, 87}","{133, 87}","{132, 86}","{132, 87}","{88, 132}","{89, 131}","{131, 92}","{129, 94}","{129, 93}","{128, 95}","{128, 95}","{128, 95}","{128, 95}","{96, 128}","{91, 131}","{134, 86}","{137, 91}","{138, 99}","{135, 111}","{121, 135}","{132, 134}","{144, 132}","{168, 126}","{213, 119}","{248, 116}","{113, 299}","{339, 111}","{108, 390}","{109, 431}","{474, 108}","{108, 503}","{107, 542}","{107, 563}","{593, 107}","{106, 620}","{106, 638}","{107, 644}","{650, 106}","{106, 646}","{106, 645}","{106, 637}","{105, 630}","{104, 628}"
11,"{69, 607}","{609, 68}","{612, 68}","{68, 613}","{68, 615}","{618, 67}","{67, 619}","{67, 621}","{67, 623}","{624, 67}","{625, 66}","{626, 66}","{67, 629}","{67, 630}","{66, 631}","{632, 66}","{632, 66}","{66, 630}","{66, 631}","{66, 631}","{632, 66}","{632, 66}","{66, 631}","{66, 630}","{66, 628}","{66, 627}","{65, 626}","{65, 625}","{65, 625}","{626, 66}","{65, 626}","{65, 626}","{66, 627}","{65, 627}","{65, 627}","{66, 628}","{66, 627}","{65, 628}","{65, 628}","{65, 630}","{632, 66}","{632, 66}","{632, 66}","{66, 631}","{66, 631}","{632, 66}","{632, 66}","{66, 631}","{66, 631}","{66, 631}","{66, 631}","{66, 631}","{66, 631}","{66, 630}","{66, 629}","{66, 628}","{625, 67}","{67, 619}","{617, 67}","{616, 67}","{616, 67}","{616, 68}","{616, 68}","{67, 612}","{610, 67}","{610, 67}","{609, 68}","{611, 68}","{68, 613}","{68, 613}","{68, 613}","{68, 613}","{68, 613}","{68, 615}","{68, 615}","{68, 615}","{617, 68}","{68, 615}","{68, 615}","{68, 613}"
12,{0},"{72, 597}","{72, 594}","{73, 589}","{72, 586}","{72, 588}","{72, 588}","{587, 71}","{590, 71}","{592, 71}","{593, 71}","{611, 70}","{608, 70}","{600, 71}","{610, 67}","{601, 69}","{69, 598}","{600, 70}","{601, 69}","{611, 70}","{70, 606}","{604, 70}","{601, 70}","{70, 598}","{597, 70}","{597, 70}","{593, 69}","{594, 69}","{609, 69}","{604, 70}","{70, 599}","{70, 598}","{597, 70}","{70, 598}","{597, 70}","{596, 70}","{597, 70}","{618, 67}","{69, 605}","{604, 69}","{69, 598}","{596, 69}","{595, 69}","{594, 69}","{624, 66}","{67, 615}","{67, 615}","{603, 69}","{69, 598}","{69, 598}","{595, 69}","{596, 69}","{65, 607}","{624, 67}",{0},"{617, 67}",{0},"{611, 70}","{612, 68}","{610, 69}","{592, 71}","{589, 71}","{72, 587}","{72, 588}","{72, 587}","{72, 587}","{72, 585}","{72, 588}","{72, 585}","{72, 588}","{72, 587}","{72, 587}","{72, 586}","{72, 587}","{72, 586}","{72, 585}","{72, 585}","{72, 585}","{72, 586}","{72, 585}"
13,{0},"{73, 617}","{72, 617}","{72, 615}","{72, 615}","{617, 71}","{617, 71}","{616, 71}","{617, 71}","{620, 70}","{621, 70}","{634, 70}","{634, 70}","{627, 70}","{634, 67}","{628, 69}","{628, 69}","{70, 630}","{628, 69}","{634, 70}","{632, 70}","{70, 630}","{70, 631}","{627, 70}","{627, 70}","{626, 69}","{620, 70}","{69, 621}","{69, 630}","{628, 70}","{626, 69}","{626, 69}","{624, 69}","{626, 69}","{625, 69}","{626, 69}","{625, 69}","{635, 69}","{69, 630}","{628, 69}","{624, 69}","{627, 69}","{626, 68}","{69, 623}","{644, 69}","{69, 638}","{636, 68}","{626, 69}","{624, 69}","{626, 69}","{68, 623}","{69, 623}","{66, 631}","{642, 69}",{0},"{636, 70}",{0},"{629, 71}","{625, 71}","{621, 71}","{612, 71}","{612, 71}","{72, 612}","{613, 71}","{613, 71}","{612, 71}","{72, 610}","{612, 71}","{72, 611}","{72, 611}","{72, 610}","{72, 610}","{72, 611}","{612, 71}","{610, 71}","{72, 610}","{72, 610}","{608, 72}","{611, 71}","{611, 71}"
14,{0},"{72, 617}","{618, 71}","{618, 70}","{620, 70}","{70, 622}","{69, 622}","{624, 70}","{624, 70}","{625, 69}","{627, 69}","{634, 69}","{68, 637}","{633, 69}","{68, 639}","{636, 68}","{636, 68}","{636, 68}","{634, 68}","{69, 637}","{68, 638}","{636, 68}","{68, 637}","{633, 68}","{633, 68}","{632, 68}","{628, 68}","{628, 68}","{632, 68}","{632, 68}","{632, 68}","{632, 68}","{68, 631}","{68, 631}","{67, 631}","{632, 68}","{67, 631}","{632, 69}","{632, 68}","{67, 630}","{67, 628}","{632, 67}","{67, 631}","{67, 630}","{640, 69}","{636, 68}","{634, 68}","{67, 630}","{67, 629}","{67, 631}","{67, 629}","{67, 631}","{633, 67}","{641, 69}",{0},"{636, 70}",{0},"{629, 70}","{620, 71}","{70, 615}","{70, 614}","{617, 70}","{616, 70}","{617, 70}","{617, 70}","{616, 70}","{70, 615}","{616, 70}","{616, 70}","{616, 70}","{70, 615}","{70, 615}","{616, 70}","{616, 70}","{70, 614}","{70, 615}","{70, 614}","{613, 70}","{616, 70}","{70, 615}"
15,{0},"{70, 614}","{70, 615}","{617, 69}","{620, 69}","{68, 621}","{68, 623}","{625, 68}","{625, 68}","{626, 68}","{627, 68}","{632, 68}","{635, 68}","{633, 67}","{635, 68}","{67, 637}","{67, 638}","{67, 635}","{633, 67}","{67, 636}","{67, 638}","{67, 637}","{67, 636}","{633, 67}","{633, 67}","{66, 631}","{67, 630}","{67, 630}","{67, 629}","{632, 67}","{632, 66}","{66, 631}","{66, 631}","{66, 630}","{66, 630}","{632, 66}","{66, 629}","{626, 68}","{66, 630}","{66, 627}","{66, 627}","{632, 66}","{66, 630}","{66, 631}","{633, 69}","{68, 631}","{67, 627}","{66, 629}","{66, 627}","{66, 630}","{66, 629}","{66, 631}","{628, 68}","{636, 69}",{0},"{633, 70}",{0},"{626, 70}","{613, 70}","{608, 70}","{69, 613}","{617, 68}","{616, 69}","{617, 68}","{616, 68}","{68, 615}","{69, 614}","{616, 69}","{69, 615}","{69, 615}","{69, 615}","{69, 615}","{616, 69}","{69, 615}","{69, 613}","{69, 614}","{69, 614}","{69, 613}","{68, 615}","{68, 614}"
16,{0},"{609, 69}","{612, 69}","{68, 614}","{67, 615}","{617, 67}","{67, 619}","{624, 67}","{624, 67}","{66, 622}","{66, 623}","{67, 628}","{67, 631}","{66, 630}","{628, 69}","{634, 67}","{66, 635}","{66, 631}","{66, 630}","{632, 66}","{634, 66}","{634, 66}","{633, 66}","{66, 631}","{65, 630}","{65, 628}","{65, 629}","{66, 629}","{625, 66}","{65, 630}","{65, 629}","{65, 628}","{65, 628}","{65, 628}","{65, 628}","{65, 629}","{65, 626}","{67, 620}","{624, 65}","{65, 622}","{65, 623}","{65, 628}","{65, 625}","{65, 628}","{68, 621}","{67, 623}","{67, 619}","{65, 625}","{624, 65}","{65, 625}","{65, 626}","{65, 629}","{619, 69}","{628, 69}",{0},"{626, 69}",{0},"{69, 621}","{69, 605}","{601, 69}","{67, 612}","{67, 614}","{67, 614}","{67, 614}","{67, 613}","{67, 613}","{67, 611}","{68, 613}","{68, 613}","{68, 613}","{68, 613}","{68, 613}","{68, 613}","{612, 68}","{611, 68}","{611, 68}","{612, 68}","{609, 67}","{67, 612}","{67, 612}"
17,{0},"{72, 611}","{72, 609}","{73, 607}","{73, 606}","{72, 606}","{72, 604}","{72, 604}","{72, 606}","{609, 71}","{606, 71}","{627, 70}","{624, 70}","{619, 71}","{68, 621}","{617, 70}","{612, 70}","{617, 71}","{613, 70}","{628, 70}","{625, 70}","{70, 623}","{620, 70}","{616, 70}","{70, 614}","{70, 615}","{609, 70}","{608, 69}","{69, 622}","{70, 622}","{619, 70}","{618, 70}","{616, 70}","{70, 615}","{70, 615}","{70, 614}","{70, 615}","{628, 68}","{69, 623}","{69, 622}","{616, 69}","{69, 615}","{69, 614}","{611, 69}","{633, 67}","{67, 627}","{67, 628}","{69, 621}","{617, 69}","{616, 70}","{69, 613}","{613, 70}","{618, 66}","{634, 67}",{0},"{628, 68}",{0},"{624, 70}","{69, 622}","{619, 69}","{608, 71}","{72, 606}","{72, 606}","{72, 605}","{72, 605}","{72, 604}","{72, 602}","{72, 605}","{72, 603}","{72, 606}","{72, 604}","{72, 604}","{72, 603}","{72, 605}","{72, 604}","{72, 602}","{72, 604}","{72, 604}","{72, 605}","{72, 604}"
18,{0},"{73, 647}","{73, 642}","{73, 635}","{73, 631}","{72, 628}","{624, 72}","{72, 622}","{72, 625}","{626, 71}","{624, 70}","{658, 71}","{646, 71}","{640, 71}","{641, 69}","{634, 70}","{629, 70}","{627, 70}","{624, 69}","{71, 655}","{650, 71}","{71, 647}","{641, 71}","{637, 70}","{633, 70}","{632, 70}","{627, 70}","{69, 623}","{657, 70}","{650, 70}","{645, 70}","{641, 70}","{70, 638}","{637, 70}","{636, 70}","{633, 70}","{628, 69}","{70, 663}","{70, 655}","{69, 647}","{641, 69}","{634, 70}","{632, 69}","{628, 70}","{677, 70}","{668, 69}","{660, 69}","{645, 70}","{641, 70}","{636, 70}","{70, 631}","{629, 70}","{67, 631}","{674, 70}",{0},"{668, 71}",{0},"{72, 660}","{652, 71}","{71, 647}","{72, 638}","{72, 635}","{72, 634}","{632, 72}","{72, 630}","{72, 628}","{72, 628}","{72, 626}","{72, 629}","{72, 629}","{72, 628}","{72, 629}","{72, 628}","{72, 626}","{72, 626}","{73, 626}","{72, 629}","{72, 630}","{72, 626}","{72, 627}"
19,{0},"{72, 647}","{640, 72}","{630, 71}","{71, 631}","{626, 71}","{628, 71}","{627, 71}","{629, 70}","{70, 630}","{69, 629}","{659, 70}","{70, 646}","{641, 70}","{644, 69}","{69, 639}","{69, 638}","{69, 631}","{626, 69}","{70, 654}","{649, 69}","{648, 69}","{643, 69}","{69, 638}","{69, 637}","{636, 68}","{633, 69}","{628, 68}","{657, 69}","{69, 645}","{642, 69}","{642, 69}","{69, 637}","{636, 68}","{634, 68}","{635, 68}","{628, 68}","{660, 69}","{652, 68}","{642, 68}","{640, 68}","{636, 68}","{634, 68}","{68, 631}","{676, 70}","{69, 670}","{69, 654}","{68, 645}","{642, 68}","{636, 68}","{634, 68}","{632, 68}","{68, 630}","{677, 70}",{0},"{672, 71}",{0},"{71, 663}","{71, 647}","{638, 71}","{627, 70}","{625, 70}","{625, 70}","{70, 622}","{71, 623}","{70, 622}","{620, 71}","{620, 71}","{620, 71}","{622, 71}","{622, 71}","{622, 71}","{619, 71}","{621, 71}","{619, 71}","{620, 71}","{621, 71}","{71, 623}","{621, 71}","{619, 71}"
20,{0},"{633, 71}","{625, 70}","{70, 622}","{626, 70}","{69, 622}","{625, 69}","{627, 69}","{628, 69}","{68, 630}","{68, 630}","{69, 645}","{69, 639}","{68, 639}","{70, 639}","{68, 638}","{640, 68}","{634, 67}","{68, 629}","{68, 647}","{644, 68}","{644, 68}","{640, 68}","{67, 637}","{67, 636}","{67, 636}","{67, 635}","{67, 631}","{641, 68}","{67, 637}","{67, 636}","{67, 637}","{634, 67}","{632, 67}","{632, 67}","{632, 67}","{67, 628}","{643, 68}","{67, 639}","{67, 635}","{67, 635}","{634, 67}","{633, 67}","{67, 631}","{660, 70}","{657, 68}","{68, 638}","{67, 636}","{67, 635}","{633, 67}","{633, 67}","{632, 67}","{625, 69}","{666, 70}",{0},"{71, 663}",{0},"{654, 71}","{632, 71}","{69, 622}","{620, 69}","{618, 69}","{618, 69}","{616, 69}","{619, 69}","{618, 69}","{616, 69}","{617, 70}","{617, 69}","{617, 70}","{617, 70}","{617, 70}","{616, 69}","{617, 70}","{70, 615}","{617, 70}","{617, 69}","{618, 69}","{617, 70}","{616, 69}"
21,{0},"{69, 622}","{618, 69}","{618, 68}","{68, 622}","{620, 68}","{68, 622}","{626, 68}","{67, 629}","{67, 630}","{67, 630}","{68, 637}","{634, 68}","{67, 637}","{70, 630}","{67, 636}","{67, 638}","{66, 637}","{67, 631}","{640, 67}","{67, 639}","{641, 66}","{67, 637}","{66, 636}","{66, 636}","{634, 66}","{634, 66}","{632, 66}","{634, 67}","{633, 66}","{633, 66}","{633, 66}","{632, 66}","{66, 631}","{66, 631}","{632, 66}","{66, 629}","{67, 631}","{632, 66}","{65, 629}","{65, 630}","{66, 631}","{66, 629}","{66, 629}","{68, 637}","{67, 639}","{627, 68}","{66, 631}","{66, 630}","{66, 630}","{66, 630}","{66, 631}","{70, 615}","{650, 70}",{0},"{70, 647}",{0},"{640, 70}","{618, 69}","{68, 613}","{619, 68}","{618, 68}","{617, 68}","{616, 68}","{618, 68}","{617, 68}","{617, 68}","{616, 69}","{617, 68}","{618, 68}","{617, 68}","{618, 68}","{616, 68}","{618, 68}","{617, 68}","{617, 68}","{618, 68}","{617, 68}","{617, 68}","{617, 68}"
22,{0},"{616, 72}","{616, 72}","{73, 617}","{73, 617}","{616, 72}","{72, 613}","{72, 614}","{72, 617}","{620, 71}","{616, 71}","{633, 70}","{70, 631}","{628, 71}","{628, 69}","{627, 70}","{621, 70}","{627, 71}","{620, 70}","{635, 70}","{636, 70}","{633, 70}","{70, 631}","{628, 70}","{626, 70}","{628, 71}","{619, 70}","{616, 69}","{69, 629}","{70, 631}","{628, 70}","{628, 70}","{626, 70}","{625, 70}","{626, 70}","{624, 70}","{70, 623}","{68, 630}","{632, 69}","{69, 629}","{624, 68}","{624, 69}","{624, 69}","{69, 621}","{632, 68}","{632, 67}","{68, 631}","{628, 69}","{626, 69}","{625, 69}","{69, 623}","{69, 623}","{67, 622}","{635, 68}",{0},"{632, 68}",{0},"{628, 70}","{620, 69}","{616, 69}","{616, 70}","{616, 71}","{616, 72}","{72, 615}","{616, 72}","{616, 72}","{72, 612}","{616, 72}","{72, 613}","{72, 618}","{72, 615}","{72, 615}","{72, 614}","{616, 72}","{72, 613}","{72, 612}","{72, 613}","{72, 615}","{616, 72}","{72, 615}"
23,{0},"{74, 668}","{73, 654}","{73, 613}","{72, 607}","{72, 605}","{72, 605}","{604, 71}","{608, 71}","{613, 71}","{612, 71}","{72, 673}","{627, 71}","{620, 71}","{625, 69}","{619, 69}","{619, 70}","{613, 70}","{69, 614}","{642, 71}","{625, 70}","{625, 70}","{621, 70}","{620, 70}","{618, 70}","{617, 70}","{69, 615}","{69, 614}","{675, 71}","{634, 70}","{70, 623}","{619, 70}","{616, 69}","{617, 69}","{617, 70}","{618, 69}","{611, 69}","{688, 70}","{664, 70}","{626, 69}","{69, 623}","{69, 614}","{69, 614}","{611, 69}","{70, 710}","{696, 70}","{669, 70}","{627, 69}","{69, 621}","{69, 615}","{612, 69}","{69, 613}","{616, 67}","{70, 703}",{0},"{700, 71}",{0},"{72, 691}","{72, 671}","{72, 665}","{648, 72}","{72, 619}","{614, 71}","{72, 612}","{608, 72}","{72, 607}","{608, 72}","{72, 607}","{72, 612}","{72, 607}","{72, 606}","{72, 607}","{72, 607}","{72, 604}","{72, 606}","{73, 610}","{72, 607}","{72, 609}","{72, 603}","{72, 603}"
24,{0},"{73, 661}","{72, 637}","{611, 71}","{610, 71}","{70, 607}","{608, 70}","{609, 70}","{613, 70}","{70, 615}","{70, 614}","{70, 662}","{626, 70}","{70, 623}","{627, 69}","{69, 623}","{625, 69}","{616, 69}","{611, 69}","{636, 70}","{69, 629}","{628, 69}","{624, 69}","{69, 622}","{69, 621}","{619, 68}","{620, 68}","{68, 614}","{70, 662}","{626, 69}","{68, 622}","{68, 623}","{619, 68}","{618, 68}","{618, 68}","{620, 68}","{611, 68}","{676, 69}","{643, 69}","{624, 68}","{68, 622}","{617, 68}","{617, 68}","{68, 614}","{708, 71}","{696, 70}","{648, 69}","{626, 68}","{68, 623}","{617, 68}","{68, 615}","{68, 615}","{68, 614}","{709, 71}",{0},"{705, 71}",{0},"{72, 693}","{658, 71}","{641, 71}","{609, 70}","{70, 607}","{608, 70}","{605, 70}","{605, 70}","{605, 70}","{602, 70}","{602, 71}","{602, 71}","{604, 71}","{604, 71}","{604, 71}","{602, 71}","{603, 71}","{601, 71}","{604, 71}","{604, 71}","{605, 71}","{603, 71}","{601, 70}"
25,{0},"{71, 623}","{70, 606}","{603, 70}","{608, 70}","{69, 605}","{608, 69}","{612, 69}","{69, 613}","{68, 615}","{617, 68}","{624, 69}","{620, 69}","{68, 622}","{70, 623}","{68, 622}","{626, 68}","{67, 620}","{68, 615}","{627, 68}","{626, 68}","{626, 68}","{624, 68}","{67, 620}","{67, 621}","{67, 621}","{67, 619}","{617, 67}","{68, 623}","{617, 67}","{618, 67}","{67, 619}","{617, 67}","{616, 67}","{67, 615}","{617, 67}","{67, 612}","{632, 67}","{617, 67}","{616, 67}","{616, 67}","{618, 67}","{616, 67}","{67, 615}","{685, 70}","{673, 69}","{68, 622}","{617, 67}","{617, 67}","{617, 67}","{616, 67}","{616, 67}","{608, 69}","{697, 71}",{0},"{693, 71}",{0},"{72, 677}","{628, 70}","{69, 607}","{600, 69}","{601, 69}","{601, 69}","{69, 599}","{601, 69}","{601, 69}","{600, 69}","{70, 598}","{600, 70}","{601, 70}","{70, 599}","{600, 70}","{69, 599}","{601, 70}","{70, 599}","{601, 70}","{600, 69}","{601, 69}","{600, 69}","{600, 69}"
26,{0},"{609, 70}","{601, 69}","{601, 68}","{68, 605}","{68, 605}","{68, 607}","{612, 68}","{67, 615}","{617, 67}","{67, 620}","{68, 622}","{617, 68}","{67, 621}","{617, 70}","{67, 623}","{626, 67}","{66, 623}","{67, 619}","{624, 67}","{66, 622}","{624, 67}","{67, 622}","{66, 622}","{66, 623}","{66, 622}","{66, 621}","{66, 620}","{618, 67}","{66, 615}","{617, 66}","{618, 66}","{616, 66}","{617, 66}","{618, 66}","{66, 619}","{616, 65}","{66, 620}","{66, 615}","{66, 613}","{66, 614}","{616, 66}","{617, 66}","{616, 66}","{68, 647}","{67, 644}","{616, 68}","{66, 614}","{66, 615}","{66, 615}","{66, 615}","{617, 66}","{604, 69}","{70, 671}",{0},"{667, 70}",{0},"{650, 70}","{69, 614}","{602, 68}","{602, 68}","{601, 68}","{601, 68}","{600, 68}","{602, 68}","{601, 68}","{602, 68}","{600, 69}","{602, 68}","{602, 68}","{602, 68}","{603, 68}","{600, 68}","{602, 68}","{602, 68}","{602, 68}","{603, 68}","{602, 68}","{602, 68}","{602, 68}"
27,{0},{0},{0},{0},{0},"{872, 164}","{164, 871}","{164, 869}",{0},"{162, 871}","{162, 870}",{0},"{873, 161}","{873, 161}","{161, 866}","{160, 869}","{161, 868}","{161, 866}","{161, 868}","{161, 868}","{160, 868}","{161, 867}","{161, 867}","{160, 868}","{161, 867}","{161, 866}","{161, 866}","{865, 161}","{865, 161}","{161, 867}","{161, 867}","{160, 868}","{161, 867}","{160, 868}","{160, 868}","{161, 868}","{161, 868}","{160, 868}","{160, 868}","{160, 866}","{160, 868}","{160, 868}","{160, 867}","{161, 868}","{161, 867}","{161, 868}","{161, 868}","{160, 869}","{160, 869}","{161, 868}","{160, 870}","{161, 870}","{872, 160}","{160, 874}","{161, 876}","{160, 879}","{160, 884}","{889, 161}","{161, 892}","{161, 890}","{161, 891}","{161, 892}","{889, 162}","{162, 887}","{883, 163}","{164, 878}","{880, 164}","{164, 878}","{875, 165}","{876, 165}",{0},{0},{0},{0},{0},{0},{0},{0},{0},{0}
28,{0},{0},{0},{0},{0},"{865, 165}","{165, 862}","{861, 165}",{0},"{865, 163}","{163, 862}",{0},"{162, 863}","{162, 862}","{856, 163}","{162, 859}","{162, 858}","{163, 855}","{857, 162}","{162, 855}","{162, 855}","{162, 855}","{856, 162}","{856, 162}","{857, 162}","{856, 162}","{162, 855}","{162, 854}","{162, 854}","{856, 162}","{856, 162}","{856, 162}","{856, 162}","{856, 162}","{857, 162}","{162, 858}","{162, 858}","{857, 162}","{857, 162}","{162, 855}","{857, 162}","{857, 162}","{857, 162}","{857, 162}","{857, 162}","{162, 858}","{162, 858}","{162, 858}","{162, 858}","{857, 162}","{162, 858}","{162, 858}","{162, 858}","{162, 860}","{864, 162}","{162, 867}","{873, 162}","{162, 879}","{162, 884}","{161, 885}","{162, 882}","{162, 885}","{162, 884}","{880, 163}","{164, 877}","{875, 164}","{873, 165}","{873, 165}","{873, 165}","{166, 871}",{0},{0},{0},{0},{0},{0},{0},{0},{0},{0}
29,{0},{0},{0},{0},{0},"{856, 166}","{853, 166}","{853, 166}",{0},"{856, 164}","{164, 853}",{0},"{163, 855}","{163, 852}","{849, 163}","{851, 163}","{849, 163}","{164, 846}","{848, 163}","{163, 847}","{163, 846}","{163, 847}","{163, 847}","{848, 163}","{848, 163}","{163, 847}","{163, 847}","{163, 847}","{163, 847}","{848, 163}","{848, 163}","{848, 163}","{848, 163}","{848, 163}","{849, 163}","{850, 163}","{850, 163}","{162, 850}","{849, 163}","{163, 847}","{849, 163}","{849, 163}","{850, 163}","{850, 163}","{850, 163}","{851, 163}","{851, 163}","{162, 851}","{851, 163}","{851, 163}","{851, 163}","{851, 163}","{850, 163}","{163, 853}","{857, 163}","{163, 860}","{865, 163}","{163, 871}","{875, 163}","{162, 876}","{874, 163}","{163, 876}","{875, 163}","{164, 871}","{869, 165}","{868, 165}","{866, 166}","{866, 166}","{866, 166}","{167, 863}",{0},{0},{0},{0},{0},{0},{0},{0},{0},{0}
30,{0},{0},{0},{0},{0},"{848, 167}","{846, 167}","{845, 167}",{0},"{165, 847}","{165, 846}",{0},"{164, 847}","{164, 845}","{164, 844}","{163, 844}","{843, 163}","{840, 164}","{841, 164}","{840, 164}","{840, 164}","{841, 164}","{841, 163}","{842, 163}","{842, 163}","{842, 163}","{841, 163}","{841, 163}","{841, 163}","{842, 163}","{843, 163}","{843, 163}","{843, 163}","{843, 163}","{843, 163}","{163, 844}","{163, 845}","{163, 844}","{163, 844}","{842, 163}","{843, 163}","{163, 844}","{163, 844}","{163, 845}","{163, 846}","{163, 846}","{163, 846}","{163, 846}","{163, 846}","{163, 846}","{163, 846}","{163, 846}","{164, 844}","{163, 847}","{850, 164}","{163, 853}","{857, 163}","{163, 863}","{866, 163}","{163, 868}","{865, 164}","{867, 164}","{867, 164}","{165, 863}","{165, 862}","{861, 166}","{859, 167}","{858, 167}","{858, 167}","{168, 855}",{0},{0},{0},{0},{0},{0},{0},{0},{0},{0}
31,{0},{0},{0},{0},{0},"{168, 841}","{840, 168}","{167, 839}",{0},"{166, 839}","{840, 165}",{0},"{841, 165}","{165, 839}","{164, 839}","{163, 839}","{164, 837}","{835, 164}","{835, 164}","{835, 164}","{835, 164}","{164, 836}","{163, 837}","{163, 837}","{163, 838}","{163, 837}","{163, 837}","{163, 837}","{163, 837}","{163, 838}","{163, 838}","{163, 838}","{163, 839}","{163, 839}","{163, 839}","{840, 163}","{841, 163}","{840, 163}","{840, 163}","{163, 838}","{840, 163}","{840, 163}","{841, 163}","{841, 163}","{842, 163}","{842, 163}","{162, 843}","{162, 843}","{842, 163}","{842, 163}","{842, 163}","{843, 163}","{840, 164}","{840, 164}","{843, 164}","{164, 845}","{849, 164}","{164, 855}","{858, 164}","{859, 164}","{857, 165}","{859, 165}","{858, 165}","{166, 855}","{166, 855}","{854, 167}","{853, 167}","{168, 851}","{168, 851}","{848, 169}",{0},{0},{0},{0},{0},{0},{0},{0},{0},{0}
32,{0},{0},{0},{0},{0},"{873, 164}","{874, 163}","{163, 871}",{0},"{161, 876}","{161, 877}",{0},"{160, 879}","{160, 878}","{160, 870}","{160, 871}","{160, 870}","{160, 869}","{160, 870}","{160, 870}","{160, 870}","{160, 868}","{160, 868}","{160, 869}","{160, 868}","{160, 867}","{160, 867}","{160, 867}","{160, 867}","{160, 868}","{160, 868}","{160, 869}","{160, 869}","{160, 869}","{160, 869}","{160, 870}","{160, 869}","{160, 869}","{160, 870}","{160, 868}","{160, 869}","{160, 869}","{160, 868}","{160, 869}","{160, 868}","{160, 868}","{160, 869}","{160, 870}","{160, 870}","{160, 869}","{160, 869}","{160, 870}","{875, 159}","{160, 877}","{160, 879}","{160, 881}","{160, 886}","{160, 891}","{160, 894}","{160, 892}","{160, 894}","{160, 894}","{161, 894}","{161, 891}","{888, 162}","{883, 163}","{163, 884}","{883, 163}","{164, 878}","{164, 879}",{0},{0},{0},{0},{0},{0},{0},{0},{0},{0}
33,{0},{0},{0},{0},{0},"{866, 165}","{865, 164}","{864, 164}",{0},"{162, 868}","{162, 868}",{0},"{161, 870}","{161, 869}","{162, 860}","{161, 861}","{161, 860}","{162, 854}","{856, 162}","{856, 162}","{856, 162}","{856, 162}","{856, 162}","{857, 162}","{857, 162}","{856, 162}","{162, 855}","{162, 855}","{162, 854}","{856, 162}","{162, 855}","{162, 855}","{162, 855}","{162, 855}","{856, 162}","{162, 858}","{162, 858}","{857, 162}","{856, 162}","{162, 854}","{857, 162}","{857, 162}","{162, 858}","{162, 858}","{857, 162}","{162, 858}","{162, 858}","{161, 859}","{162, 859}","{162, 858}","{162, 858}","{162, 859}","{162, 859}","{162, 862}","{162, 867}","{161, 871}","{161, 877}","{161, 882}","{161, 887}","{161, 886}","{888, 161}","{888, 161}","{888, 161}","{162, 886}","{162, 885}","{882, 163}","{163, 879}","{164, 879}","{164, 877}","{873, 165}",{0},{0},{0},{0},{0},{0},{0},{0},{0},{0}
34,{0},{0},{0},{0},{0},"{856, 166}","{858, 165}","{856, 165}",{0},"{859, 163}","{162, 861}",{0},"{161, 863}","{161, 862}","{161, 858}","{856, 161}","{161, 855}","{161, 855}","{161, 855}","{161, 855}","{856, 161}","{856, 161}","{857, 161}","{857, 161}","{161, 858}","{857, 161}","{856, 161}","{856, 161}","{856, 161}","{161, 858}","{161, 858}","{161, 858}","{161, 858}","{161, 858}","{161, 859}","{161, 859}","{160, 860}","{160, 860}","{160, 859}","{857, 161}","{161, 859}","{160, 859}","{160, 860}","{160, 861}","{160, 861}","{160, 862}","{160, 862}","{160, 862}","{160, 862}","{160, 862}","{160, 862}","{160, 862}","{161, 858}","{162, 858}","{162, 862}","{161, 866}","{161, 871}","{161, 877}","{880, 161}","{880, 161}","{880, 162}","{162, 879}","{880, 162}","{162, 877}","{163, 877}","{874, 163}","{872, 164}","{165, 870}","{869, 165}","{865, 166}",{0},{0},{0},{0},{0},{0},{0},{0},{0},{0}
35,{0},{0},{0},{0},{0},"{848, 167}","{850, 166}","{848, 166}",{0},"{849, 164}","{163, 853}",{0},"{162, 855}","{162, 855}","{161, 853}","{161, 852}","{161, 852}","{162, 850}","{162, 850}","{162, 850}","{161, 850}","{161, 851}","{161, 852}","{161, 852}","{161, 853}","{161, 852}","{161, 852}","{161, 852}","{161, 852}","{161, 853}","{161, 854}","{161, 854}","{161, 854}","{161, 854}","{161, 854}","{161, 855}","{856, 160}","{856, 160}","{160, 855}","{161, 853}","{161, 854}","{160, 855}","{856, 160}","{160, 857}","{160, 857}","{160, 858}","{160, 858}","{160, 858}","{160, 858}","{160, 858}","{160, 858}","{161, 858}","{161, 854}","{162, 853}","{856, 162}","{162, 860}","{864, 162}","{162, 869}","{162, 871}","{162, 871}","{872, 162}","{163, 870}","{163, 870}","{164, 868}","{164, 868}","{866, 164}","{864, 165}","{165, 862}","{861, 166}","{858, 167}",{0},{0},{0},{0},{0},{0},{0},{0},{0},{0}
36,{0},{0},{0},{0},{0},"{840, 168}","{842, 167}","{840, 167}",{0},"{840, 165}","{164, 846}",{0},"{163, 847}","{162, 847}","{162, 846}","{162, 844}","{162, 844}","{162, 842}","{162, 842}","{162, 842}","{162, 843}","{162, 844}","{162, 845}","{162, 845}","{161, 846}","{161, 845}","{161, 845}","{161, 846}","{161, 845}","{161, 846}","{161, 847}","{848, 161}","{848, 161}","{848, 161}","{848, 161}","{849, 161}","{161, 850}","{849, 161}","{848, 161}","{161, 847}","{848, 161}","{849, 161}","{161, 850}","{161, 851}","{160, 852}","{160, 852}","{160, 852}","{160, 852}","{160, 852}","{160, 852}","{161, 852}","{161, 851}","{848, 162}","{162, 846}","{848, 163}","{163, 852}","{856, 163}","{163, 861}","{163, 862}","{163, 862}","{163, 863}","{164, 861}","{164, 861}","{859, 165}","{860, 165}","{857, 165}","{856, 166}","{854, 167}","{853, 167}","{168, 850}",{0},{0},{0},{0},{0},{0},{0},{0},{0},{0}
37,{0},{0},{0},{0},{0},"{874, 163}","{874, 163}","{873, 162}",{0},"{160, 878}","{880, 160}",{0},"{883, 159}","{881, 159}","{160, 870}","{873, 159}","{872, 159}","{872, 159}","{873, 159}","{874, 159}","{873, 159}","{160, 870}","{160, 869}","{160, 871}","{160, 870}","{160, 869}","{160, 869}","{160, 869}","{160, 868}","{160, 870}","{160, 870}","{160, 871}","{159, 871}","{160, 871}","{872, 159}","{872, 159}","{160, 871}","{159, 871}","{872, 159}","{870, 159}","{159, 871}","{160, 871}","{160, 870}","{160, 871}","{160, 869}","{160, 870}","{160, 871}","{872, 159}","{160, 871}","{160, 870}","{160, 870}","{160, 871}","{878, 159}","{877, 159}","{880, 160}","{160, 881}","{160, 885}","{160, 890}","{160, 892}","{160, 891}","{160, 894}","{161, 893}","{161, 893}","{161, 891}","{889, 162}","{162, 885}","{163, 885}","{882, 163}","{164, 879}","{164, 879}",{0},{0},{0},{0},{0},{0},{0},{0},{0},{0}
38,{0},{0},{0},{0},{0},"{864, 165}","{865, 164}","{164, 862}",{0},"{865, 162}","{161, 868}",{0},"{160, 874}","{160, 870}","{160, 868}","{160, 863}","{864, 160}","{161, 858}","{162, 855}","{162, 853}","{162, 853}","{162, 853}","{162, 855}","{162, 855}","{162, 855}","{162, 853}","{162, 853}","{162, 854}","{161, 855}","{161, 859}","{161, 861}","{160, 862}","{160, 863}","{160, 862}","{160, 861}","{161, 861}","{160, 863}","{160, 863}","{160, 863}","{160, 861}","{160, 863}","{160, 862}","{864, 160}","{864, 160}","{160, 865}","{160, 866}","{160, 866}","{867, 159}","{160, 865}","{160, 865}","{160, 866}","{160, 866}","{160, 865}","{160, 868}","{160, 871}","{160, 873}","{160, 878}","{160, 885}","{160, 887}","{161, 885}","{161, 885}","{161, 884}","{162, 883}","{881, 162}","{162, 882}","{881, 162}","{163, 879}","{873, 164}","{875, 164}","{869, 165}",{0},{0},{0},{0},{0},{0},{0},{0},{0},{0}
39,{0},{0},{0},{0},{0},"{853, 166}","{857, 165}","{853, 165}",{0},"{856, 163}","{162, 860}",{0},"{864, 161}","{161, 862}","{864, 160}","{160, 860}","{160, 861}","{160, 862}","{866, 159}","{866, 159}","{869, 158}","{869, 158}","{868, 159}","{868, 158}","{868, 158}","{867, 158}","{867, 158}","{867, 158}","{867, 159}","{867, 159}","{868, 158}","{866, 159}","{867, 159}","{868, 159}","{869, 158}","{868, 159}","{869, 158}","{869, 158}","{869, 158}","{865, 159}","{867, 159}","{867, 159}","{868, 159}","{868, 159}","{868, 159}","{869, 158}","{869, 158}","{869, 158}","{869, 158}","{868, 159}","{868, 159}","{866, 159}","{160, 862}","{161, 861}","{161, 863}","{865, 161}","{161, 869}","{161, 875}","{162, 876}","{161, 878}","{162, 876}","{162, 875}","{875, 163}","{872, 163}","{873, 163}","{164, 868}","{868, 165}","{864, 165}","{864, 166}","{861, 166}",{0},{0},{0},{0},{0},{0},{0},{0},{0},{0}
40,{0},{0},{0},{0},{0},"{845, 167}","{848, 166}","{845, 166}",{0},"{164, 846}","{850, 163}",{0},"{162, 854}","{162, 853}","{161, 855}","{160, 855}","{160, 858}","{856, 160}","{856, 160}","{160, 858}","{859, 159}","{860, 159}","{860, 159}","{860, 159}","{860, 159}","{859, 159}","{859, 159}","{859, 159}","{859, 159}","{859, 159}","{859, 159}","{859, 159}","{859, 159}","{859, 159}","{860, 159}","{860, 159}","{860, 159}","{859, 159}","{859, 159}","{858, 159}","{858, 159}","{859, 159}","{859, 159}","{860, 159}","{860, 159}","{861, 159}","{861, 159}","{861, 159}","{861, 159}","{860, 159}","{861, 159}","{160, 859}","{856, 160}","{161, 855}","{856, 162}","{162, 858}","{162, 861}","{162, 866}","{162, 868}","{162, 869}","{163, 868}","{163, 868}","{867, 163}","{864, 164}","{865, 164}","{860, 165}","{860, 166}","{857, 166}","{856, 166}","{854, 167}",{0},{0},{0},{0},{0},{0},{0},{0},{0},{0}
41,{0},{0},{0},{0},{0},"{168, 839}","{841, 167}","{166, 839}",{0},"{165, 838}","{843, 164}",{0},"{163, 846}","{162, 845}","{848, 161}","{849, 161}","{160, 850}","{848, 161}","{161, 847}","{848, 161}","{160, 849}","{160, 850}","{160, 851}","{160, 852}","{160, 852}","{160, 850}","{160, 851}","{160, 851}","{160, 851}","{160, 851}","{160, 851}","{160, 851}","{160, 851}","{160, 851}","{160, 852}","{160, 852}","{160, 852}","{160, 852}","{160, 851}","{160, 850}","{160, 851}","{160, 851}","{160, 852}","{160, 852}","{160, 853}","{160, 853}","{160, 854}","{160, 853}","{160, 854}","{160, 853}","{160, 854}","{160, 854}","{161, 850}","{848, 162}","{162, 850}","{162, 853}","{162, 855}","{163, 860}","{163, 861}","{163, 861}","{163, 862}","{164, 860}","{164, 860}","{857, 165}","{858, 165}","{853, 166}","{853, 166}","{850, 167}","{850, 167}","{168, 847}",{0},{0},{0},{0},{0},{0},{0},{0},{0},{0}
